full_name,stars,watchers,forks,stars_delta,watchers_delta,forks_delta,url
anthropics/claude-code,112644,112644,18814,86,86,18,https://github.com/anthropics/claude-code
claude-code-best/claude-code,15418,15418,14889,12,12,10,https://github.com/claude-code-best/claude-code
affaan-m/everything-claude-code,151413,151413,23473,264,264,58,https://github.com/affaan-m/everything-claude-code
jarmuine/claude-code,1974,1974,5657,3,3,0,https://github.com/jarmuine/claude-code
shareAI-lab/learn-claude-code,51749,51749,8447,43,43,7,https://github.com/shareAI-lab/learn-claude-code
yasasbanukaofficial/claude-code,2294,2294,3726,16,16,20,https://github.com/yasasbanukaofficial/claude-code
ChinaSiro/claude-code-sourcemap,8773,8773,14390,2,2,2,https://github.com/ChinaSiro/claude-code-sourcemap
codeaashu/claude-code,1987,1987,2865,6,6,10,https://github.com/codeaashu/claude-code
tanbiralam/claude-code,1390,1390,2291,2,2,0,https://github.com/tanbiralam/claude-code
hesreallyhim/awesome-claude-code,38079,38079,3092,49,49,8,https://github.com/hesreallyhim/awesome-claude-code
pengchengneo/Claude-Code,1145,1145,2098,2,2,0,https://github.com/pengchengneo/Claude-Code
RishabhK103/claude-code,54,54,7333,0,0,1,https://github.com/RishabhK103/claude-code
musistudio/claude-code-router,31998,31998,2535,10,10,1,https://github.com/musistudio/claude-code-router
shanraisshan/claude-code-best-practice,37137,37137,3475,294,294,19,https://github.com/shanraisshan/claude-code-best-practice
davila7/claude-code-templates,24457,24457,2401,13,13,2,https://github.com/davila7/claude-code-templates
LING71671/Open-ClaudeCode,723,723,1074,0,0,0,https://github.com/LING71671/Open-ClaudeCode
oboard/claude-code-rev,2914,2914,3685,0,0,0,https://github.com/oboard/claude-code-rev
Onewon/claude-code,172,172,2258,0,0,3,https://github.com/Onewon/claude-code
ponponon/claude_code_src,2125,2125,3452,2,2,4,https://github.com/ponponon/claude_code_src
VoltAgent/awesome-claude-code-subagents,16990,16990,1941,20,20,4,https://github.com/VoltAgent/awesome-claude-code-subagents
anthropics/claude-code-action,7011,7011,1699,2,2,1,https://github.com/anthropics/claude-code-action
Piebald-AI/claude-code-system-prompts,8599,8599,1589,8,8,1,https://github.com/Piebald-AI/claude-code-system-prompts
Donchitos/Claude-Code-Game-Studios,8653,8653,1327,23,23,2,https://github.com/Donchitos/Claude-Code-Game-Studios
diet103/claude-code-infrastructure-showcase,9441,9441,1207,0,0,0,https://github.com/diet103/claude-code-infrastructure-showcase
T-Lab-CUHKSZ/claude-code,288,288,587,0,0,1,https://github.com/T-Lab-CUHKSZ/claude-code
frankbria/ralph-claude-code,8599,8599,646,4,4,1,https://github.com/frankbria/ralph-claude-code
hangsman/claude-code-source,752,752,1730,0,0,0,https://github.com/hangsman/claude-code-source
liuup/claude-code-analysis,1392,1392,1184,3,3,4,https://github.com/liuup/claude-code-analysis
ykdojo/claude-code-tips,7360,7360,517,4,4,0,https://github.com/ykdojo/claude-code-tips
chauncygu/collection-claude-code-source-code,2001,2001,2098,10,10,3,https://github.com/chauncygu/collection-claude-code-source-code
pedrohcgs/claude-code-my-workflow,897,897,1807,4,4,3,https://github.com/pedrohcgs/claude-code-my-workflow
ChrisWiles/claude-code-showcase,5774,5774,522,3,3,0,https://github.com/ChrisWiles/claude-code-showcase
huangserva/claude-code-cli,549,549,1277,0,0,0,https://github.com/huangserva/claude-code-cli
OneRedOak/claude-code-workflows,3776,3776,553,0,0,-1,https://github.com/OneRedOak/claude-code-workflows
lintsinghua/claude-code-book,2572,2572,617,4,4,1,https://github.com/lintsinghua/claude-code-book
1rgs/claude-code-proxy,3416,3416,451,0,0,0,https://github.com/1rgs/claude-code-proxy
777genius/claude-code-source-code,894,894,1121,0,0,0,https://github.com/777genius/claude-code-source-code
qwibitai/nanoclaw,27130,27130,11674,13,13,31,https://github.com/qwibitai/nanoclaw
alex000kim/claude-code,209,209,318,1,1,-1,https://github.com/alex000kim/claude-code
disler/claude-code-hooks-mastery,3508,3508,597,1,1,0,https://github.com/disler/claude-code-hooks-mastery
zebbern/claude-code-guide,3908,3908,371,0,0,-1,https://github.com/zebbern/claude-code-guide
xorespesp/claude-code,210,210,293,0,0,0,https://github.com/xorespesp/claude-code
Maciek-roboblog/Claude-Code-Usage-Monitor,7496,7496,376,3,3,1,https://github.com/Maciek-roboblog/Claude-Code-Usage-Monitor
VineeTagarwaL-code/claude-code,269,269,266,0,0,0,https://github.com/VineeTagarwaL-code/claude-code
anthropics/skills,115219,115219,13183,104,104,13,https://github.com/anthropics/skills
lorryjovens-hub/claude-code-rust,1287,1287,535,1,1,1,https://github.com/lorryjovens-hub/claude-code-rust
kodu-ai/claude-coder,5280,5280,199,-2,-2,0,https://github.com/kodu-ai/claude-coder
sickn33/antigravity-awesome-skills,32254,32254,5371,51,51,5,https://github.com/sickn33/antigravity-awesome-skills
zstmfhy/Claude-code,191,191,284,0,0,0,https://github.com/zstmfhy/Claude-code
Yuyz0112/claude-code-reverse,2343,2343,403,0,0,1,https://github.com/Yuyz0112/claude-code-reverse
FlorianBruniaux/claude-code-ultimate-guide,3187,3187,444,8,8,1,https://github.com/FlorianBruniaux/claude-code-ultimate-guide
fuergaosi233/claude-code-proxy,2395,2395,337,2,2,0,https://github.com/fuergaosi233/claude-code-proxy
anthropics/claude-code-security-review,4214,4214,369,4,4,0,https://github.com/anthropics/claude-code-security-review
RichardAtCT/claude-code-telegram,2411,2411,332,1,1,0,https://github.com/RichardAtCT/claude-code-telegram
freestylefly/claude-code,120,120,277,0,0,0,https://github.com/freestylefly/claude-code
Windy3f3f3f3f/how-claude-code-works,1738,1738,496,1,1,0,https://github.com/Windy3f3f3f3f/how-claude-code-works
chiragjoshi12/claude-code,184,184,222,0,0,0,https://github.com/chiragjoshi12/claude-code
Alishahryar1/free-claude-code,1832,1832,330,6,6,3,https://github.com/Alishahryar1/free-claude-code
Cranot/claude-code-guide,2592,2592,286,1,1,0,https://github.com/Cranot/claude-code-guide
wanshuiyin/Auto-claude-code-research-in-sleep,6191,6191,563,9,9,1,https://github.com/wanshuiyin/Auto-claude-code-research-in-sleep
AprilNEA/claude-code-source,370,370,612,0,0,1,https://github.com/AprilNEA/claude-code-source
ding113/claude-code-hub,2384,2384,269,-1,-1,0,https://github.com/ding113/claude-code-hub
fazxes/Claude-code,201,201,204,1,1,0,https://github.com/fazxes/Claude-code
mehmoodosman/claude-code,162,162,216,0,0,1,https://github.com/mehmoodosman/claude-code
anthropics/claude-code-base-action,787,787,599,0,0,0,https://github.com/anthropics/claude-code-base-action
repowise-dev/claude-code-prompts,918,918,353,4,4,0,https://github.com/repowise-dev/claude-code-prompts
https-deeplearning-ai/sc-claude-code-files,482,482,665,0,0,1,https://github.com/https-deeplearning-ai/sc-claude-code-files
isboyjc/claude-code,146,146,195,0,0,0,https://github.com/isboyjc/claude-code
router-for-me/CLIProxyAPI,25089,25089,4200,32,32,5,https://github.com/router-for-me/CLIProxyAPI
luyao618/Claude-Code-Source-Study,1103,1103,459,3,3,0,https://github.com/luyao618/Claude-Code-Source-Study
obra/superpowers,147223,147223,12643,290,290,29,https://github.com/obra/superpowers
edmund-io/edmunds-claude-code,1387,1387,282,1,1,0,https://github.com/edmund-io/edmunds-claude-code
guanshan/ClaudeCode,54,54,213,0,0,0,https://github.com/guanshan/ClaudeCode
JrCx7scC/claude-code-source,333,333,491,2,2,3,https://github.com/JrCx7scC/claude-code-source
snarktank/ralph,15418,15418,1566,108,108,4,https://github.com/snarktank/ralph
Pimzino/claude-code-spec-workflow,3641,3641,257,0,0,0,https://github.com/Pimzino/claude-code-spec-workflow
garrytan/gstack,69941,69941,9814,170,170,37,https://github.com/garrytan/gstack
eyaltoledano/claude-task-master,26502,26502,2478,5,5,1,https://github.com/eyaltoledano/claude-task-master
Yeachan-Heo/oh-my-claudecode,27762,27762,2560,86,86,10,https://github.com/Yeachan-Heo/oh-my-claudecode
bfly123/claude_code_bridge,2187,2187,206,1,1,1,https://github.com/bfly123/claude_code_bridge
wshobson/agents,33412,33412,3621,12,12,0,https://github.com/wshobson/agents
carlvellotti/claude-code-pm-course,1826,1826,282,0,0,1,https://github.com/carlvellotti/claude-code-pm-course
lowcortisolprogrammer/claude-code,171,171,159,1,1,0,https://github.com/lowcortisolprogrammer/claude-code
anthropics/claude-plugins-official,16687,16687,1923,20,20,2,https://github.com/anthropics/claude-plugins-official
ghuntley/claude-code-source-code-deobfuscation,972,972,555,1,1,0,https://github.com/ghuntley/claude-code-source-code-deobfuscation
andrew-kramer-inno/claude-code-source-build,564,564,503,0,0,-1,https://github.com/andrew-kramer-inno/claude-code-source-build
AICoderTudou/claude-code-tudou,469,469,376,2,2,1,https://github.com/AICoderTudou/claude-code-tudou
rohitg00/awesome-claude-code-toolkit,1189,1189,341,2,2,2,https://github.com/rohitg00/awesome-claude-code-toolkit
KimYx0207/Claude-Code-x-OpenClaw-Guide-Zh,3180,3180,607,8,8,0,https://github.com/KimYx0207/Claude-Code-x-OpenClaw-Guide-Zh
alirezarezvani/claude-skills,10548,10548,1333,42,42,9,https://github.com/alirezarezvani/claude-skills
luongnv89/claude-howto,25224,25224,3036,86,86,7,https://github.com/luongnv89/claude-howto
feiskyer/claude-code-settings,1430,1430,213,0,0,1,https://github.com/feiskyer/claude-code-settings
Hyper66666/claude-code-sourcemap,204,204,452,0,0,0,https://github.com/Hyper66666/claude-code-sourcemap
alejandrobalderas/claude-code-from-source,1003,1003,333,56,56,7,https://github.com/alejandrobalderas/claude-code-from-source
sugyan/claude-code-webui,1007,1007,234,0,0,0,https://github.com/sugyan/claude-code-webui
slopus/happy,17717,17717,1443,16,16,0,https://github.com/slopus/happy
paoloanzn/free-code,7704,7704,1681,3,3,6,https://github.com/paoloanzn/free-code
siteboon/claudecodeui,9703,9703,1287,7,7,1,https://github.com/siteboon/claudecodeui
NanmiCoder/cc-haha,5805,5805,6179,9,9,9,https://github.com/NanmiCoder/cc-haha
centminmod/my-claude-code-setup,2188,2188,216,2188,2188,216,https://github.com/centminmod/my-claude-code-setup
